Activation Function,Optimizer,Training Loss,Validation Loss,Validation Accuracy,Test Accuracy
tanh,adam,0.00023208014317788184,0.18799762427806854,0.926701545715332,0.9554973840713501
tanh,sgd,1.1153690814971924,1.3252166509628296,0.5026177763938904,0.4921466112136841
relu,adam,0.0001008249309961684,0.21255691349506378,0.9424083828926086,0.963350772857666
relu,sgd,1.39348566532135,1.418940782546997,0.37172773480415344,0.376963347196579
